learner_id,name,gender,age,country,registration_date
L001,User1,M,28,India,2024-02-05
L002,User2,M,28,India,2024-01-05
L003,User3,M,22,India,2024-01-18
L004,User4,F,29,India,2024-01-18
L005,User5,F,29,India,2024-03-24
L006,User6,F,18,India,2024-03-21
L007,User7,F,29,India,2024-02-17
L008,User8,F,21,India,2024-03-22
L009,User9,F,28,India,2024-02-02
L010,User10,M,20,India,2024-02-11
L011,User11,F,20,India,2024-03-17
L012,User12,M,23,India,2024-03-13
L013,User13,M,23,India,2024-01-21
L014,User14,F,22,India,2024-01-13
L015,User15,M,22,India,2024-03-08
L016,User16,M,22,India,2024-03-10
L017,User17,M,25,India,2024-01-23
L018,User18,F,18,India,2024-03-06
L019,User19,F,26,India,2024-01-03
L020,User20,F,22,India,2024-03-11
L021,User21,F,28,India,2024-03-28
L022,User22,F,27,India,2024-02-06
L023,User23,F,21,India,2024-02-20
L024,User24,M,21,India,2024-03-31
L025,User25,F,20,India,2024-02-14
L026,User26,M,25,India,2024-01-27
L027,User27,F,22,India,2024-02-28
L028,User28,F,21,India,2024-02-08
L029,User29,F,22,India,2024-03-02
L030,User30,M,28,India,2024-01-05
L031,User31,F,21,India,2024-02-24
L032,User32,M,18,India,2024-02-19
L033,User33,F,18,India,2024-03-26
L034,User34,M,24,India,2024-02-29
L035,User35,M,20,India,2024-03-05
L036,User36,F,20,India,2024-02-12
L037,User37,M,25,India,2024-02-22
L038,User38,F,18,India,2024-01-11
L039,User39,F,23,India,2024-01-15
L040,User40,F,29,India,2024-01-23
L041,User41,F,27,India,2024-03-25
L042,User42,F,19,India,2024-03-01
L043,User43,F,23,India,2024-01-24
L044,User44,M,18,India,2024-03-06
L045,User45,F,29,India,2024-03-15
L046,User46,F,26,India,2024-03-17
L047,User47,M,21,India,2024-01-11
L048,User48,M,24,India,2024-03-08
L049,User49,F,30,India,2024-02-05
L050,User50,F,27,India,2024-03-26
L051,User51,M,28,India,2024-02-18
L052,User52,F,29,India,2024-03-27
L053,User53,F,18,India,2024-02-06
L054,User54,F,27,India,2024-02-06
L055,User55,F,30,India,2024-01-24
L056,User56,F,28,India,2024-02-19
L057,User57,M,19,India,2024-02-15
L058,User58,F,26,India,2024-03-18
L059,User59,F,19,India,2024-01-18
L060,User60,F,23,India,2024-03-03
L061,User61,M,22,India,2024-02-06
L062,User62,F,18,India,2024-01-03
L063,User63,M,30,India,2024-03-08
L064,User64,M,23,India,2024-03-27
L065,User65,M,23,India,2024-01-03
L066,User66,F,28,India,2024-01-19
L067,User67,F,23,India,2024-03-23
L068,User68,M,25,India,2024-01-31
L069,User69,M,24,India,2024-02-06
L070,User70,M,19,India,2024-02-04
L071,User71,F,23,India,2024-03-31
L072,User72,M,26,India,2024-01-23
L073,User73,F,19,India,2024-02-04
L074,User74,F,24,India,2024-02-07
L075,User75,F,23,India,2024-02-22
L076,User76,F,21,India,2024-01-21
L077,User77,M,19,India,2024-03-13
L078,User78,F,18,India,2024-02-06
L079,User79,F,22,India,2024-01-19
L080,User80,M,18,India,2024-03-03
L081,User81,F,28,India,2024-02-20
L082,User82,F,28,India,2024-01-15
L083,User83,F,28,India,2024-03-17
L084,User84,M,28,India,2024-02-28
L085,User85,F,27,India,2024-03-08
L086,User86,M,25,India,2024-02-18
L087,User87,M,25,India,2024-02-22
L088,User88,M,26,India,2024-01-20
L089,User89,F,30,India,2024-01-20
L090,User90,F,19,India,2024-02-23
L091,User91,M,28,India,2024-03-11
L092,User92,M,24,India,2024-03-17
L093,User93,M,28,India,2024-02-03
L094,User94,M,21,India,2024-01-29
L095,User95,M,26,India,2024-03-07
L096,User96,F,18,India,2024-03-19
L097,User97,M,30,India,2024-03-26
L098,User98,F,21,India,2024-03-06
L099,User99,M,23,India,2024-01-25
L100,User100,M,27,India,2024-01-15
L101,User101,F,26,India,2024-03-31
L102,User102,M,19,India,2024-02-06
L103,User103,F,28,India,2024-03-31
L104,User104,F,29,India,2024-03-25
L105,User105,M,23,India,2024-01-25
L106,User106,M,21,India,2024-03-31
L107,User107,F,18,India,2024-01-11
L108,User108,F,29,India,2024-01-27
L109,User109,M,23,India,2024-01-23
L110,User110,F,20,India,2024-01-19
L111,User111,F,28,India,2024-01-19
L112,User112,M,18,India,2024-03-31
L113,User113,M,23,India,2024-02-16
L114,User114,F,20,India,2024-01-16
L115,User115,F,18,India,2024-01-12
L116,User116,M,29,India,2024-01-20
L117,User117,F,29,India,2024-01-03
L118,User118,F,19,India,2024-03-10
L119,User119,M,22,India,2024-01-29
L120,User120,M,29,India,2024-03-09
L121,User121,F,26,India,2024-01-07
L122,User122,F,26,India,2024-01-02
L123,User123,M,27,India,2024-01-22
L124,User124,M,22,India,2024-01-09
L125,User125,F,24,India,2024-02-14
L126,User126,M,24,India,2024-01-16
L127,User127,F,21,India,2024-01-07
L128,User128,M,24,India,2024-02-23
L129,User129,M,18,India,2024-03-01
L130,User130,F,25,India,2024-01-23
L131,User131,M,24,India,2024-01-31
L132,User132,M,29,India,2024-01-09
L133,User133,M,24,India,2024-03-13
L134,User134,M,21,India,2024-01-25
L135,User135,M,19,India,2024-03-04
L136,User136,F,28,India,2024-03-09
L137,User137,M,27,India,2024-03-10
L138,User138,F,24,India,2024-01-12
L139,User139,M,23,India,2024-01-12
L140,User140,F,27,India,2024-01-31
L141,User141,M,29,India,2024-02-17
L142,User142,F,26,India,2024-02-12
L143,User143,F,26,India,2024-01-19
L144,User144,F,25,India,2024-02-28
L145,User145,F,24,India,2024-02-18
L146,User146,M,26,India,2024-03-01
L147,User147,M,24,India,2024-01-14
L148,User148,M,21,India,2024-03-06
L149,User149,F,21,India,2024-02-01
L150,User150,F,30,India,2024-02-09
L151,User151,F,23,India,2024-03-09
L152,User152,F,19,India,2024-02-04
L153,User153,F,27,India,2024-01-25
L154,User154,M,22,India,2024-03-23
L155,User155,F,26,India,2024-03-07
L156,User156,F,23,India,2024-03-15
L157,User157,M,24,India,2024-03-12
L158,User158,F,22,India,2024-02-28
L159,User159,M,27,India,2024-03-11
L160,User160,F,26,India,2024-01-11
L161,User161,F,30,India,2024-03-22
L162,User162,M,29,India,2024-01-12
L163,User163,F,22,India,2024-03-10
L164,User164,M,30,India,2024-02-27
L165,User165,M,26,India,2024-03-16
L166,User166,M,27,India,2024-03-29
L167,User167,F,25,India,2024-03-15
L168,User168,F,18,India,2024-02-01
L169,User169,F,23,India,2024-01-01
L170,User170,M,20,India,2024-02-07
L171,User171,F,25,India,2024-03-02
L172,User172,F,24,India,2024-01-29
L173,User173,F,22,India,2024-02-28
L174,User174,M,26,India,2024-02-24
L175,User175,F,19,India,2024-03-17
L176,User176,M,21,India,2024-02-29
L177,User177,F,21,India,2024-03-16
L178,User178,F,19,India,2024-03-11
L179,User179,F,30,India,2024-01-13
L180,User180,F,21,India,2024-01-09
L181,User181,M,18,India,2024-01-26
L182,User182,M,20,India,2024-01-19
L183,User183,M,24,India,2024-01-22
L184,User184,M,21,India,2024-01-06
L185,User185,F,28,India,2024-03-13
L186,User186,F,19,India,2024-02-16
L187,User187,F,27,India,2024-02-06
L188,User188,F,20,India,2024-01-22
L189,User189,F,24,India,2024-01-26
L190,User190,F,22,India,2024-01-30
L191,User191,F,23,India,2024-02-28
L192,User192,M,26,India,2024-01-02
L193,User193,M,18,India,2024-02-20
L194,User194,M,26,India,2024-01-15
L195,User195,F,28,India,2024-01-28
L196,User196,F,26,India,2024-02-29
L197,User197,M,27,India,2024-03-10
L198,User198,M,19,India,2024-03-01
L199,User199,F,24,India,2024-01-13
L200,User200,F,27,India,2024-03-01
L201,User201,M,18,India,2024-02-17
L202,User202,M,29,India,2024-02-18
L203,User203,M,28,India,2024-01-23
L204,User204,M,21,India,2024-03-16
L205,User205,M,23,India,2024-01-13
L206,User206,F,25,India,2024-03-03
L207,User207,F,25,India,2024-03-15
L208,User208,M,20,India,2024-02-21
L209,User209,M,30,India,2024-03-04
L210,User210,M,21,India,2024-02-14
L211,User211,F,22,India,2024-02-23
L212,User212,F,27,India,2024-03-12
L213,User213,F,30,India,2024-01-18
L214,User214,M,18,India,2024-03-12
L215,User215,M,27,India,2024-03-02
L216,User216,F,21,India,2024-03-29
L217,User217,M,29,India,2024-02-16
L218,User218,F,23,India,2024-01-14
L219,User219,M,25,India,2024-03-05
L220,User220,M,28,India,2024-03-12
L221,User221,F,22,India,2024-01-23
L222,User222,F,25,India,2024-02-17
L223,User223,M,21,India,2024-01-14
L224,User224,F,29,India,2024-03-11
L225,User225,F,28,India,2024-01-17
L226,User226,F,28,India,2024-02-01
L227,User227,M,22,India,2024-03-30
L228,User228,M,21,India,2024-03-13
L229,User229,F,29,India,2024-01-15
L230,User230,F,19,India,2024-02-25
L231,User231,M,24,India,2024-01-27
L232,User232,F,23,India,2024-03-13
L233,User233,F,23,India,2024-03-18
L234,User234,F,21,India,2024-01-04
L235,User235,F,18,India,2024-01-26
L236,User236,M,18,India,2024-02-23
L237,User237,F,30,India,2024-02-06
L238,User238,M,26,India,2024-01-24
L239,User239,M,23,India,2024-02-13
L240,User240,M,18,India,2024-03-24
L241,User241,F,23,India,2024-03-13
L242,User242,M,22,India,2024-03-07
L243,User243,F,20,India,2024-03-08
L244,User244,F,26,India,2024-01-12
L245,User245,F,27,India,2024-03-19
L246,User246,F,27,India,2024-01-04
L247,User247,F,30,India,2024-01-01
L248,User248,M,20,India,2024-01-07
L249,User249,M,29,India,2024-03-14
L250,User250,M,28,India,2024-01-15
